/*
Navicat MySQL Data Transfer

Source Server         : localhost
Source Server Version : 50556
Source Host           : localhost:3306
Source Database       : ry-vue-process

Target Server Type    : MYSQL
Target Server Version : 50556
File Encoding         : 65001

Date: 2020-12-12 10:11:53
*/

SET FOREIGN_KEY_CHECKS=0;

-- ----------------------------
-- Table structure for biz_example_demo
-- ----------------------------
DROP TABLE IF EXISTS `biz_example_demo`;
CREATE TABLE `biz_example_demo` (
  `id` bigint(20) NOT NULL AUTO_INCREMENT COMMENT 'ID',
  `apply_num` varchar(30) DEFAULT '' COMMENT '申请编号',
  `high_voltage` char(1) DEFAULT '0' COMMENT '是否高压停电（0否1是）',
  `attachment` varchar(1000) DEFAULT '' COMMENT '附件地址（多个逗号隔开）',
  `apply_user_id` varchar(100) DEFAULT '' COMMENT '申请人',
  `apply_user_name` varchar(100) DEFAULT '' COMMENT '申请人',
  `apply_time` datetime DEFAULT NULL COMMENT '申请时间',
  `instance_id` varchar(32) DEFAULT '' COMMENT '流程实例ID',
  `del_flag` char(1) DEFAULT '0' COMMENT '删除标志（0代表存在 2代表删除）',
  `create_by` varchar(64) DEFAULT '' COMMENT '创建者',
  `create_time` datetime DEFAULT NULL COMMENT '创建时间',
  `update_by` varchar(64) DEFAULT '' COMMENT '更新者',
  `update_time` datetime DEFAULT NULL COMMENT '更新时间',
  `remark` varchar(500) DEFAULT '' COMMENT '备注',
  `process_key` varchar(32) DEFAULT '' COMMENT '流程定义key',
  PRIMARY KEY (`id`)
) ENGINE=InnoDB AUTO_INCREMENT=51 DEFAULT CHARSET=utf8 COMMENT='示例Demo表';

-- ----------------------------
-- Records of biz_example_demo
-- ----------------------------

-- ----------------------------
-- Table structure for biz_leave
-- ----------------------------
DROP TABLE IF EXISTS `biz_leave`;
CREATE TABLE `biz_leave` (
  `id` bigint(20) NOT NULL AUTO_INCREMENT COMMENT '主键ID',
  `type` char(20) DEFAULT NULL COMMENT '请假类型',
  `title` varchar(100) DEFAULT NULL COMMENT '标题',
  `reason` varchar(500) DEFAULT NULL COMMENT '原因',
  `leave_start_time` datetime DEFAULT NULL COMMENT '开始时间',
  `leave_end_time` datetime DEFAULT NULL COMMENT '结束时间',
  `total_time` bigint(11) DEFAULT NULL COMMENT '请假时长，单位秒',
  `reality_start_time` datetime DEFAULT NULL COMMENT '实际开始时间',
  `reality_end_time` datetime DEFAULT NULL COMMENT '实际结束时间',
  `apply_user_id` varchar(100) DEFAULT '' COMMENT '申请人',
  `apply_user_name` varchar(100) DEFAULT '' COMMENT '申请人',
  `apply_time` datetime DEFAULT NULL COMMENT '申请时间',
  `instance_id` varchar(64) DEFAULT '' COMMENT '流程实例ID',
  `process_key` varchar(64) DEFAULT '' COMMENT '流程定义key',
  `del_flag` char(1) DEFAULT '0' COMMENT '删除标志（0代表存在 2代表删除）',
  `create_by` varchar(64) DEFAULT '' COMMENT '创建者',
  `create_time` datetime DEFAULT NULL COMMENT '创建时间',
  `update_by` varchar(64) DEFAULT '' COMMENT '更新者',
  `update_time` datetime DEFAULT NULL COMMENT '更新时间',
  `remark` varchar(500) DEFAULT '' COMMENT '备注',
  PRIMARY KEY (`id`)
) ENGINE=InnoDB AUTO_INCREMENT=18 DEFAULT CHARSET=utf8 COMMENT='请假表';

-- ----------------------------
-- Records of biz_leave
-- ----------------------------

-- ----------------------------
-- Table structure for gen_table
-- ----------------------------
DROP TABLE IF EXISTS `gen_table`;
CREATE TABLE `gen_table` (
  `table_id` bigint(20) NOT NULL AUTO_INCREMENT COMMENT '编号',
  `table_name` varchar(200) DEFAULT '' COMMENT '表名称',
  `table_comment` varchar(500) DEFAULT '' COMMENT '表描述',
  `class_name` varchar(100) DEFAULT '' COMMENT '实体类名称',
  `tpl_category` varchar(200) DEFAULT 'crud' COMMENT '使用的模板（crud单表操作 tree树表操作）',
  `package_name` varchar(100) DEFAULT NULL COMMENT '生成包路径',
  `module_name` varchar(30) DEFAULT NULL COMMENT '生成模块名',
  `business_name` varchar(30) DEFAULT NULL COMMENT '生成业务名',
  `function_name` varchar(50) DEFAULT NULL COMMENT '生成功能名',
  `function_author` varchar(50) DEFAULT NULL COMMENT '生成功能作者',
  `gen_type` char(1) DEFAULT '0' COMMENT '生成代码方式（0zip压缩包 1自定义路径）',
  `gen_path` varchar(200) DEFAULT '/' COMMENT '生成路径（不填默认项目路径）',
  `options` varchar(1000) DEFAULT NULL COMMENT '其它生成选项',
  `create_by` varchar(64) DEFAULT '' COMMENT '创建者',
  `create_time` datetime DEFAULT NULL COMMENT '创建时间',
  `update_by` varchar(64) DEFAULT '' COMMENT '更新者',
  `update_time` datetime DEFAULT NULL COMMENT '更新时间',
  `remark` varchar(500) DEFAULT NULL COMMENT '备注',
  PRIMARY KEY (`table_id`)
) ENGINE=InnoDB AUTO_INCREMENT=2 DEFAULT CHARSET=utf8 COMMENT='代码生成业务表';

-- ----------------------------
-- Records of gen_table
-- ----------------------------

-- ----------------------------
-- Table structure for gen_table_column
-- ----------------------------
DROP TABLE IF EXISTS `gen_table_column`;
CREATE TABLE `gen_table_column` (
  `column_id` bigint(20) NOT NULL AUTO_INCREMENT COMMENT '编号',
  `table_id` varchar(64) DEFAULT NULL COMMENT '归属表编号',
  `column_name` varchar(200) DEFAULT NULL COMMENT '列名称',
  `column_comment` varchar(500) DEFAULT NULL COMMENT '列描述',
  `column_type` varchar(100) DEFAULT NULL COMMENT '列类型',
  `java_type` varchar(500) DEFAULT NULL COMMENT 'JAVA类型',
  `java_field` varchar(200) DEFAULT NULL COMMENT 'JAVA字段名',
  `is_pk` char(1) DEFAULT NULL COMMENT '是否主键（1是）',
  `is_increment` char(1) DEFAULT NULL COMMENT '是否自增（1是）',
  `is_required` char(1) DEFAULT NULL COMMENT '是否必填（1是）',
  `is_insert` char(1) DEFAULT NULL COMMENT '是否为插入字段（1是）',
  `is_edit` char(1) DEFAULT NULL COMMENT '是否编辑字段（1是）',
  `is_list` char(1) DEFAULT NULL COMMENT '是否列表字段（1是）',
  `is_query` char(1) DEFAULT NULL COMMENT '是否查询字段（1是）',
  `query_type` varchar(200) DEFAULT 'EQ' COMMENT '查询方式（等于、不等于、大于、小于、范围）',
  `html_type` varchar(200) DEFAULT NULL COMMENT '显示类型（文本框、文本域、下拉框、复选框、单选框、日期控件）',
  `dict_type` varchar(200) DEFAULT '' COMMENT '字典类型',
  `sort` int(11) DEFAULT NULL COMMENT '排序',
  `create_by` varchar(64) DEFAULT '' COMMENT '创建者',
  `create_time` datetime DEFAULT NULL COMMENT '创建时间',
  `update_by` varchar(64) DEFAULT '' COMMENT '更新者',
  `update_time` datetime DEFAULT NULL COMMENT '更新时间',
  PRIMARY KEY (`column_id`)
) ENGINE=InnoDB AUTO_INCREMENT=23 DEFAULT CHARSET=utf8 COMMENT='代码生成业务表字段';

-- ----------------------------
-- Records of gen_table_column
-- ----------------------------

-- ----------------------------
-- Table structure for instance_business
-- ----------------------------
DROP TABLE IF EXISTS `instance_business`;
CREATE TABLE `instance_business` (
  `id` bigint(20) NOT NULL AUTO_INCREMENT COMMENT 'ID',
  `instance_id` varchar(64) DEFAULT '' COMMENT '流程实例ID',
  `business_key` varchar(64) DEFAULT '' COMMENT '业务表ID',
  `module` varchar(64) DEFAULT '' COMMENT '业务表',
  PRIMARY KEY (`id`)
) ENGINE=InnoDB AUTO_INCREMENT=45 DEFAULT CHARSET=utf8 COMMENT='流程实例业务关系表';

-- ----------------------------
-- Records of instance_business
-- ----------------------------

-- ----------------------------
-- Table structure for qrtz_blob_triggers
-- ----------------------------
DROP TABLE IF EXISTS `qrtz_blob_triggers`;
CREATE TABLE `qrtz_blob_triggers` (
  `sched_name` varchar(120) NOT NULL,
  `trigger_name` varchar(200) NOT NULL,
  `trigger_group` varchar(200) NOT NULL,
  `blob_data` blob,
  PRIMARY KEY (`sched_name`,`trigger_name`,`trigger_group`),
  CONSTRAINT `qrtz_blob_triggers_ibfk_1` FOREIGN KEY (`sched_name`, `trigger_name`, `trigger_group`) REFERENCES `qrtz_triggers` (`sched_name`, `trigger_name`, `trigger_group`)
) ENGINE=InnoDB DEFAULT CHARSET=utf8;

-- ----------------------------
-- Records of qrtz_blob_triggers
-- ----------------------------

-- ----------------------------
-- Table structure for qrtz_calendars
-- ----------------------------
DROP TABLE IF EXISTS `qrtz_calendars`;
CREATE TABLE `qrtz_calendars` (
  `sched_name` varchar(120) NOT NULL,
  `calendar_name` varchar(200) NOT NULL,
  `calendar` blob NOT NULL,
  PRIMARY KEY (`sched_name`,`calendar_name`)
) ENGINE=InnoDB DEFAULT CHARSET=utf8;

-- ----------------------------
-- Records of qrtz_calendars
-- ----------------------------

-- ----------------------------
-- Table structure for qrtz_cron_triggers
-- ----------------------------
DROP TABLE IF EXISTS `qrtz_cron_triggers`;
CREATE TABLE `qrtz_cron_triggers` (
  `sched_name` varchar(120) NOT NULL,
  `trigger_name` varchar(200) NOT NULL,
  `trigger_group` varchar(200) NOT NULL,
  `cron_expression` varchar(200) NOT NULL,
  `time_zone_id` varchar(80) DEFAULT NULL,
  PRIMARY KEY (`sched_name`,`trigger_name`,`trigger_group`),
  CONSTRAINT `qrtz_cron_triggers_ibfk_1` FOREIGN KEY (`sched_name`, `trigger_name`, `trigger_group`) REFERENCES `qrtz_triggers` (`sched_name`, `trigger_name`, `trigger_group`)
) ENGINE=InnoDB DEFAULT CHARSET=utf8;

-- ----------------------------
-- Records of qrtz_cron_triggers
-- ----------------------------

-- ----------------------------
-- Table structure for qrtz_fired_triggers
-- ----------------------------
DROP TABLE IF EXISTS `qrtz_fired_triggers`;
CREATE TABLE `qrtz_fired_triggers` (
  `sched_name` varchar(120) NOT NULL,
  `entry_id` varchar(95) NOT NULL,
  `trigger_name` varchar(200) NOT NULL,
  `trigger_group` varchar(200) NOT NULL,
  `instance_name` varchar(200) NOT NULL,
  `fired_time` bigint(13) NOT NULL,
  `sched_time` bigint(13) NOT NULL,
  `priority` int(11) NOT NULL,
  `state` varchar(16) NOT NULL,
  `job_name` varchar(200) DEFAULT NULL,
  `job_group` varchar(200) DEFAULT NULL,
  `is_nonconcurrent` varchar(1) DEFAULT NULL,
  `requests_recovery` varchar(1) DEFAULT NULL,
  PRIMARY KEY (`sched_name`,`entry_id`)
) ENGINE=InnoDB DEFAULT CHARSET=utf8;

-- ----------------------------
-- Records of qrtz_fired_triggers
-- ----------------------------

-- ----------------------------
-- Table structure for qrtz_job_details
-- ----------------------------
DROP TABLE IF EXISTS `qrtz_job_details`;
CREATE TABLE `qrtz_job_details` (
  `sched_name` varchar(120) NOT NULL,
  `job_name` varchar(200) NOT NULL,
  `job_group` varchar(200) NOT NULL,
  `description` varchar(250) DEFAULT NULL,
  `job_class_name` varchar(250) NOT NULL,
  `is_durable` varchar(1) NOT NULL,
  `is_nonconcurrent` varchar(1) NOT NULL,
  `is_update_data` varchar(1) NOT NULL,
  `requests_recovery` varchar(1) NOT NULL,
  `job_data` blob,
  PRIMARY KEY (`sched_name`,`job_name`,`job_group`)
) ENGINE=InnoDB DEFAULT CHARSET=utf8;

-- ----------------------------
-- Records of qrtz_job_details
-- ----------------------------

-- ----------------------------
-- Table structure for qrtz_locks
-- ----------------------------
DROP TABLE IF EXISTS `qrtz_locks`;
CREATE TABLE `qrtz_locks` (
  `sched_name` varchar(120) NOT NULL,
  `lock_name` varchar(40) NOT NULL,
  PRIMARY KEY (`sched_name`,`lock_name`)
) ENGINE=InnoDB DEFAULT CHARSET=utf8;

-- ----------------------------
-- Records of qrtz_locks
-- ----------------------------

-- ----------------------------
-- Table structure for qrtz_paused_trigger_grps
-- ----------------------------
DROP TABLE IF EXISTS `qrtz_paused_trigger_grps`;
CREATE TABLE `qrtz_paused_trigger_grps` (
  `sched_name` varchar(120) NOT NULL,
  `trigger_group` varchar(200) NOT NULL,
  PRIMARY KEY (`sched_name`,`trigger_group`)
) ENGINE=InnoDB DEFAULT CHARSET=utf8;

-- ----------------------------
-- Records of qrtz_paused_trigger_grps
-- ----------------------------

-- ----------------------------
-- Table structure for qrtz_scheduler_state
-- ----------------------------
DROP TABLE IF EXISTS `qrtz_scheduler_state`;
CREATE TABLE `qrtz_scheduler_state` (
  `sched_name` varchar(120) NOT NULL,
  `instance_name` varchar(200) NOT NULL,
  `last_checkin_time` bigint(13) NOT NULL,
  `checkin_interval` bigint(13) NOT NULL,
  PRIMARY KEY (`sched_name`,`instance_name`)
) ENGINE=InnoDB DEFAULT CHARSET=utf8;

-- ----------------------------
-- Records of qrtz_scheduler_state
-- ----------------------------

-- ----------------------------
-- Table structure for qrtz_simple_triggers
-- ----------------------------
DROP TABLE IF EXISTS `qrtz_simple_triggers`;
CREATE TABLE `qrtz_simple_triggers` (
  `sched_name` varchar(120) NOT NULL,
  `trigger_name` varchar(200) NOT NULL,
  `trigger_group` varchar(200) NOT NULL,
  `repeat_count` bigint(7) NOT NULL,
  `repeat_interval` bigint(12) NOT NULL,
  `times_triggered` bigint(10) NOT NULL,
  PRIMARY KEY (`sched_name`,`trigger_name`,`trigger_group`),
  CONSTRAINT `qrtz_simple_triggers_ibfk_1` FOREIGN KEY (`sched_name`, `trigger_name`, `trigger_group`) REFERENCES `qrtz_triggers` (`sched_name`, `trigger_name`, `trigger_group`)
) ENGINE=InnoDB DEFAULT CHARSET=utf8;

-- ----------------------------
-- Records of qrtz_simple_triggers
-- ----------------------------

-- ----------------------------
-- Table structure for qrtz_simprop_triggers
-- ----------------------------
DROP TABLE IF EXISTS `qrtz_simprop_triggers`;
CREATE TABLE `qrtz_simprop_triggers` (
  `sched_name` varchar(120) NOT NULL,
  `trigger_name` varchar(200) NOT NULL,
  `trigger_group` varchar(200) NOT NULL,
  `str_prop_1` varchar(512) DEFAULT NULL,
  `str_prop_2` varchar(512) DEFAULT NULL,
  `str_prop_3` varchar(512) DEFAULT NULL,
  `int_prop_1` int(11) DEFAULT NULL,
  `int_prop_2` int(11) DEFAULT NULL,
  `long_prop_1` bigint(20) DEFAULT NULL,
  `long_prop_2` bigint(20) DEFAULT NULL,
  `dec_prop_1` decimal(13,4) DEFAULT NULL,
  `dec_prop_2` decimal(13,4) DEFAULT NULL,
  `bool_prop_1` varchar(1) DEFAULT NULL,
  `bool_prop_2` varchar(1) DEFAULT NULL,
  PRIMARY KEY (`sched_name`,`trigger_name`,`trigger_group`),
  CONSTRAINT `qrtz_simprop_triggers_ibfk_1` FOREIGN KEY (`sched_name`, `trigger_name`, `trigger_group`) REFERENCES `qrtz_triggers` (`sched_name`, `trigger_name`, `trigger_group`)
) ENGINE=InnoDB DEFAULT CHARSET=utf8;

-- ----------------------------
-- Records of qrtz_simprop_triggers
-- ----------------------------

-- ----------------------------
-- Table structure for qrtz_triggers
-- ----------------------------
DROP TABLE IF EXISTS `qrtz_triggers`;
CREATE TABLE `qrtz_triggers` (
  `sched_name` varchar(120) NOT NULL,
  `trigger_name` varchar(200) NOT NULL,
  `trigger_group` varchar(200) NOT NULL,
  `job_name` varchar(200) NOT NULL,
  `job_group` varchar(200) NOT NULL,
  `description` varchar(250) DEFAULT NULL,
  `next_fire_time` bigint(13) DEFAULT NULL,
  `prev_fire_time` bigint(13) DEFAULT NULL,
  `priority` int(11) DEFAULT NULL,
  `trigger_state` varchar(16) NOT NULL,
  `trigger_type` varchar(8) NOT NULL,
  `start_time` bigint(13) NOT NULL,
  `end_time` bigint(13) DEFAULT NULL,
  `calendar_name` varchar(200) DEFAULT NULL,
  `misfire_instr` smallint(2) DEFAULT NULL,
  `job_data` blob,
  PRIMARY KEY (`sched_name`,`trigger_name`,`trigger_group`),
  KEY `sched_name` (`sched_name`,`job_name`,`job_group`),
  CONSTRAINT `qrtz_triggers_ibfk_1` FOREIGN KEY (`sched_name`, `job_name`, `job_group`) REFERENCES `qrtz_job_details` (`sched_name`, `job_name`, `job_group`)
) ENGINE=InnoDB DEFAULT CHARSET=utf8;

-- ----------------------------
-- Records of qrtz_triggers
-- ----------------------------

-- ----------------------------
-- Table structure for sys_config
-- ----------------------------
DROP TABLE IF EXISTS `sys_config`;
CREATE TABLE `sys_config` (
  `config_id` int(5) NOT NULL AUTO_INCREMENT COMMENT '参数主键',
  `config_name` varchar(100) DEFAULT '' COMMENT '参数名称',
  `config_key` varchar(100) DEFAULT '' COMMENT '参数键名',
  `config_value` varchar(500) DEFAULT '' COMMENT '参数键值',
  `config_type` char(1) DEFAULT 'N' COMMENT '系统内置（Y是 N否）',
  `create_by` varchar(64) DEFAULT '' COMMENT '创建者',
  `create_time` datetime DEFAULT NULL COMMENT '创建时间',
  `update_by` varchar(64) DEFAULT '' COMMENT '更新者',
  `update_time` datetime DEFAULT NULL COMMENT '更新时间',
  `remark` varchar(500) DEFAULT NULL COMMENT '备注',
  PRIMARY KEY (`config_id`)
) ENGINE=InnoDB AUTO_INCREMENT=4 DEFAULT CHARSET=utf8 COMMENT='参数配置表';

-- ----------------------------
-- Records of sys_config
-- ----------------------------
INSERT INTO `sys_config` VALUES ('1', '主框架页-默认皮肤样式名称', 'sys.index.skinName', 'skin-blue', 'Y', 'admin', '2020-11-23 19:46:25', '', null, '蓝色 skin-blue、绿色 skin-green、紫色 skin-purple、红色 skin-red、黄色 skin-yellow');
INSERT INTO `sys_config` VALUES ('2', '用户管理-账号初始密码', 'sys.user.initPassword', '123456', 'Y', 'admin', '2020-11-23 19:46:25', '', null, '初始化密码 123456');
INSERT INTO `sys_config` VALUES ('3', '主框架页-侧边栏主题', 'sys.index.sideTheme', 'theme-dark', 'Y', 'admin', '2020-11-23 19:46:25', '', null, '深色主题theme-dark，浅色主题theme-light');

-- ----------------------------
-- Table structure for sys_dept
-- ----------------------------
DROP TABLE IF EXISTS `sys_dept`;
CREATE TABLE `sys_dept` (
  `dept_id` bigint(20) NOT NULL AUTO_INCREMENT COMMENT '部门id',
  `parent_id` bigint(20) DEFAULT '0' COMMENT '父部门id',
  `ancestors` varchar(50) DEFAULT '' COMMENT '祖级列表',
  `dept_name` varchar(30) DEFAULT '' COMMENT '部门名称',
  `order_num` int(4) DEFAULT '0' COMMENT '显示顺序',
  `leader` varchar(20) DEFAULT NULL COMMENT '负责人',
  `phone` varchar(11) DEFAULT NULL COMMENT '联系电话',
  `email` varchar(50) DEFAULT NULL COMMENT '邮箱',
  `status` char(1) DEFAULT '0' COMMENT '部门状态（0正常 1停用）',
  `del_flag` char(1) DEFAULT '0' COMMENT '删除标志（0代表存在 2代表删除）',
  `create_by` varchar(64) DEFAULT '' COMMENT '创建者',
  `create_time` datetime DEFAULT NULL COMMENT '创建时间',
  `update_by` varchar(64) DEFAULT '' COMMENT '更新者',
  `update_time` datetime DEFAULT NULL COMMENT '更新时间',
  PRIMARY KEY (`dept_id`)
) ENGINE=InnoDB AUTO_INCREMENT=110 DEFAULT CHARSET=utf8 COMMENT='部门表';

-- ----------------------------
-- Records of sys_dept
-- ----------------------------
INSERT INTO `sys_dept` VALUES ('100', '0', '0', '若依科技', '0', '若依', '15888888888', 'ry@qq.com', '0', '0', 'admin', '2020-11-23 19:46:25', '', null);
INSERT INTO `sys_dept` VALUES ('101', '100', '0,100', '深圳总公司', '1', '若依', '15888888888', 'ry@qq.com', '0', '0', 'admin', '2020-11-23 19:46:25', '', null);
INSERT INTO `sys_dept` VALUES ('102', '100', '0,100', '长沙分公司', '2', '若依', '15888888888', 'ry@qq.com', '0', '0', 'admin', '2020-11-23 19:46:25', '', null);
INSERT INTO `sys_dept` VALUES ('103', '101', '0,100,101', '研发部门', '1', '若依', '15888888888', 'ry@qq.com', '0', '0', 'admin', '2020-11-23 19:46:25', '', null);
INSERT INTO `sys_dept` VALUES ('104', '101', '0,100,101', '市场部门', '2', '若依', '15888888888', 'ry@qq.com', '0', '0', 'admin', '2020-11-23 19:46:25', '', null);
INSERT INTO `sys_dept` VALUES ('105', '101', '0,100,101', '测试部门', '3', '若依', '15888888888', 'ry@qq.com', '0', '0', 'admin', '2020-11-23 19:46:25', '', null);
INSERT INTO `sys_dept` VALUES ('106', '101', '0,100,101', '财务部门', '4', '若依', '15888888888', 'ry@qq.com', '0', '0', 'admin', '2020-11-23 19:46:25', '', null);
INSERT INTO `sys_dept` VALUES ('107', '101', '0,100,101', '运维部门', '5', '若依', '15888888888', 'ry@qq.com', '0', '0', 'admin', '2020-11-23 19:46:25', '', null);
INSERT INTO `sys_dept` VALUES ('108', '102', '0,100,102', '市场部门', '1', '若依', '15888888888', 'ry@qq.com', '0', '0', 'admin', '2020-11-23 19:46:25', '', null);
INSERT INTO `sys_dept` VALUES ('109', '102', '0,100,102', '财务部门', '2', '若依', '15888888888', 'ry@qq.com', '0', '0', 'admin', '2020-11-23 19:46:25', '', null);

-- ----------------------------
-- Table structure for sys_dict_data
-- ----------------------------
DROP TABLE IF EXISTS `sys_dict_data`;
CREATE TABLE `sys_dict_data` (
  `dict_code` bigint(20) NOT NULL AUTO_INCREMENT COMMENT '字典编码',
  `dict_sort` int(4) DEFAULT '0' COMMENT '字典排序',
  `dict_label` varchar(100) DEFAULT '' COMMENT '字典标签',
  `dict_value` varchar(100) DEFAULT '' COMMENT '字典键值',
  `dict_type` varchar(100) DEFAULT '' COMMENT '字典类型',
  `css_class` varchar(100) DEFAULT NULL COMMENT '样式属性（其他样式扩展）',
  `list_class` varchar(100) DEFAULT NULL COMMENT '表格回显样式',
  `is_default` char(1) DEFAULT 'N' COMMENT '是否默认（Y是 N否）',
  `status` char(1) DEFAULT '0' COMMENT '状态（0正常 1停用）',
  `create_by` varchar(64) DEFAULT '' COMMENT '创建者',
  `create_time` datetime DEFAULT NULL COMMENT '创建时间',
  `update_by` varchar(64) DEFAULT '' COMMENT '更新者',
  `update_time` datetime DEFAULT NULL COMMENT '更新时间',
  `remark` varchar(500) DEFAULT NULL COMMENT '备注',
  PRIMARY KEY (`dict_code`)
) ENGINE=InnoDB AUTO_INCREMENT=32 DEFAULT CHARSET=utf8 COMMENT='字典数据表';

-- ----------------------------
-- Records of sys_dict_data
-- ----------------------------
INSERT INTO `sys_dict_data` VALUES ('1', '1', '男', '0', 'sys_user_sex', '', '', 'Y', '0', 'admin', '2020-11-23 19:46:25', '', null, '性别男');
INSERT INTO `sys_dict_data` VALUES ('2', '2', '女', '1', 'sys_user_sex', '', '', 'N', '0', 'admin', '2020-11-23 19:46:25', '', null, '性别女');
INSERT INTO `sys_dict_data` VALUES ('3', '3', '未知', '2', 'sys_user_sex', '', '', 'N', '0', 'admin', '2020-11-23 19:46:25', '', null, '性别未知');
INSERT INTO `sys_dict_data` VALUES ('4', '1', '显示', '0', 'sys_show_hide', '', 'primary', 'Y', '0', 'admin', '2020-11-23 19:46:25', '', null, '显示菜单');
INSERT INTO `sys_dict_data` VALUES ('5', '2', '隐藏', '1', 'sys_show_hide', '', 'danger', 'N', '0', 'admin', '2020-11-23 19:46:25', '', null, '隐藏菜单');
INSERT INTO `sys_dict_data` VALUES ('6', '1', '正常', '0', 'sys_normal_disable', '', 'primary', 'Y', '0', 'admin', '2020-11-23 19:46:25', '', null, '正常状态');
INSERT INTO `sys_dict_data` VALUES ('7', '2', '停用', '1', 'sys_normal_disable', '', 'danger', 'N', '0', 'admin', '2020-11-23 19:46:25', '', null, '停用状态');
INSERT INTO `sys_dict_data` VALUES ('8', '1', '正常', '0', 'sys_job_status', '', 'primary', 'Y', '0', 'admin', '2020-11-23 19:46:25', '', null, '正常状态');
INSERT INTO `sys_dict_data` VALUES ('9', '2', '暂停', '1', 'sys_job_status', '', 'danger', 'N', '0', 'admin', '2020-11-23 19:46:25', '', null, '停用状态');
INSERT INTO `sys_dict_data` VALUES ('10', '1', '默认', 'DEFAULT', 'sys_job_group', '', '', 'Y', '0', 'admin', '2020-11-23 19:46:25', '', null, '默认分组');
INSERT INTO `sys_dict_data` VALUES ('11', '2', '系统', 'SYSTEM', 'sys_job_group', '', '', 'N', '0', 'admin', '2020-11-23 19:46:25', '', null, '系统分组');
INSERT INTO `sys_dict_data` VALUES ('12', '1', '是', 'Y', 'sys_yes_no', '', 'primary', 'Y', '0', 'admin', '2020-11-23 19:46:25', '', null, '系统默认是');
INSERT INTO `sys_dict_data` VALUES ('13', '2', '否', 'N', 'sys_yes_no', '', 'danger', 'N', '0', 'admin', '2020-11-23 19:46:25', '', null, '系统默认否');
INSERT INTO `sys_dict_data` VALUES ('14', '1', '通知', '1', 'sys_notice_type', '', 'warning', 'Y', '0', 'admin', '2020-11-23 19:46:25', '', null, '通知');
INSERT INTO `sys_dict_data` VALUES ('15', '2', '公告', '2', 'sys_notice_type', '', 'success', 'N', '0', 'admin', '2020-11-23 19:46:25', '', null, '公告');
INSERT INTO `sys_dict_data` VALUES ('16', '1', '正常', '0', 'sys_notice_status', '', 'primary', 'Y', '0', 'admin', '2020-11-23 19:46:25', '', null, '正常状态');
INSERT INTO `sys_dict_data` VALUES ('17', '2', '关闭', '1', 'sys_notice_status', '', 'danger', 'N', '0', 'admin', '2020-11-23 19:46:25', '', null, '关闭状态');
INSERT INTO `sys_dict_data` VALUES ('18', '1', '新增', '1', 'sys_oper_type', '', 'info', 'N', '0', 'admin', '2020-11-23 19:46:25', '', null, '新增操作');
INSERT INTO `sys_dict_data` VALUES ('19', '2', '修改', '2', 'sys_oper_type', '', 'info', 'N', '0', 'admin', '2020-11-23 19:46:25', '', null, '修改操作');
INSERT INTO `sys_dict_data` VALUES ('20', '3', '删除', '3', 'sys_oper_type', '', 'danger', 'N', '0', 'admin', '2020-11-23 19:46:25', '', null, '删除操作');
INSERT INTO `sys_dict_data` VALUES ('21', '4', '授权', '4', 'sys_oper_type', '', 'primary', 'N', '0', 'admin', '2020-11-23 19:46:25', '', null, '授权操作');
INSERT INTO `sys_dict_data` VALUES ('22', '5', '导出', '5', 'sys_oper_type', '', 'warning', 'N', '0', 'admin', '2020-11-23 19:46:25', '', null, '导出操作');
INSERT INTO `sys_dict_data` VALUES ('23', '6', '导入', '6', 'sys_oper_type', '', 'warning', 'N', '0', 'admin', '2020-11-23 19:46:25', '', null, '导入操作');
INSERT INTO `sys_dict_data` VALUES ('24', '7', '强退', '7', 'sys_oper_type', '', 'danger', 'N', '0', 'admin', '2020-11-23 19:46:25', '', null, '强退操作');
INSERT INTO `sys_dict_data` VALUES ('25', '8', '生成代码', '8', 'sys_oper_type', '', 'warning', 'N', '0', 'admin', '2020-11-23 19:46:25', '', null, '生成操作');
INSERT INTO `sys_dict_data` VALUES ('26', '9', '清空数据', '9', 'sys_oper_type', '', 'danger', 'N', '0', 'admin', '2020-11-23 19:46:25', '', null, '清空操作');
INSERT INTO `sys_dict_data` VALUES ('27', '1', '成功', '0', 'sys_common_status', '', 'primary', 'N', '0', 'admin', '2020-11-23 19:46:25', '', null, '正常状态');
INSERT INTO `sys_dict_data` VALUES ('28', '2', '失败', '1', 'sys_common_status', '', 'danger', 'N', '0', 'admin', '2020-11-23 19:46:25', '', null, '停用状态');
INSERT INTO `sys_dict_data` VALUES ('29', '0', '事假', '0', 'biz_leave_type', null, null, 'N', '0', 'admin', '2020-11-29 21:36:20', '', null, null);
INSERT INTO `sys_dict_data` VALUES ('30', '1', '年假', '1', 'biz_leave_type', null, null, 'N', '0', 'admin', '2020-11-29 21:36:36', '', null, null);
INSERT INTO `sys_dict_data` VALUES ('31', '2', '病假', '2', 'biz_leave_type', null, null, 'N', '0', 'admin', '2020-11-29 21:36:51', '', null, null);

-- ----------------------------
-- Table structure for sys_dict_type
-- ----------------------------
DROP TABLE IF EXISTS `sys_dict_type`;
CREATE TABLE `sys_dict_type` (
  `dict_id` bigint(20) NOT NULL AUTO_INCREMENT COMMENT '字典主键',
  `dict_name` varchar(100) DEFAULT '' COMMENT '字典名称',
  `dict_type` varchar(100) DEFAULT '' COMMENT '字典类型',
  `status` char(1) DEFAULT '0' COMMENT '状态（0正常 1停用）',
  `create_by` varchar(64) DEFAULT '' COMMENT '创建者',
  `create_time` datetime DEFAULT NULL COMMENT '创建时间',
  `update_by` varchar(64) DEFAULT '' COMMENT '更新者',
  `update_time` datetime DEFAULT NULL COMMENT '更新时间',
  `remark` varchar(500) DEFAULT NULL COMMENT '备注',
  PRIMARY KEY (`dict_id`),
  UNIQUE KEY `dict_type` (`dict_type`)
) ENGINE=InnoDB AUTO_INCREMENT=12 DEFAULT CHARSET=utf8 COMMENT='字典类型表';

-- ----------------------------
-- Records of sys_dict_type
-- ----------------------------
INSERT INTO `sys_dict_type` VALUES ('1', '用户性别', 'sys_user_sex', '0', 'admin', '2020-11-23 19:46:25', '', null, '用户性别列表');
INSERT INTO `sys_dict_type` VALUES ('2', '菜单状态', 'sys_show_hide', '0', 'admin', '2020-11-23 19:46:25', '', null, '菜单状态列表');
INSERT INTO `sys_dict_type` VALUES ('3', '系统开关', 'sys_normal_disable', '0', 'admin', '2020-11-23 19:46:25', '', null, '系统开关列表');
INSERT INTO `sys_dict_type` VALUES ('4', '任务状态', 'sys_job_status', '0', 'admin', '2020-11-23 19:46:25', '', null, '任务状态列表');
INSERT INTO `sys_dict_type` VALUES ('5', '任务分组', 'sys_job_group', '0', 'admin', '2020-11-23 19:46:25', '', null, '任务分组列表');
INSERT INTO `sys_dict_type` VALUES ('6', '系统是否', 'sys_yes_no', '0', 'admin', '2020-11-23 19:46:25', '', null, '系统是否列表');
INSERT INTO `sys_dict_type` VALUES ('7', '通知类型', 'sys_notice_type', '0', 'admin', '2020-11-23 19:46:25', '', null, '通知类型列表');
INSERT INTO `sys_dict_type` VALUES ('8', '通知状态', 'sys_notice_status', '0', 'admin', '2020-11-23 19:46:25', '', null, '通知状态列表');
INSERT INTO `sys_dict_type` VALUES ('9', '操作类型', 'sys_oper_type', '0', 'admin', '2020-11-23 19:46:25', '', null, '操作类型列表');
INSERT INTO `sys_dict_type` VALUES ('10', '系统状态', 'sys_common_status', '0', 'admin', '2020-11-23 19:46:25', '', null, '登录状态列表');
INSERT INTO `sys_dict_type` VALUES ('11', '请假类型', 'biz_leave_type', '0', 'admin', '2020-11-29 21:35:42', '', null, null);

-- ----------------------------
-- Table structure for sys_job
-- ----------------------------
DROP TABLE IF EXISTS `sys_job`;
CREATE TABLE `sys_job` (
  `job_id` bigint(20) NOT NULL AUTO_INCREMENT COMMENT '任务ID',
  `job_name` varchar(64) NOT NULL DEFAULT '' COMMENT '任务名称',
  `job_group` varchar(64) NOT NULL DEFAULT 'DEFAULT' COMMENT '任务组名',
  `invoke_target` varchar(500) NOT NULL COMMENT '调用目标字符串',
  `cron_expression` varchar(255) DEFAULT '' COMMENT 'cron执行表达式',
  `misfire_policy` varchar(20) DEFAULT '3' COMMENT '计划执行错误策略（1立即执行 2执行一次 3放弃执行）',
  `concurrent` char(1) DEFAULT '1' COMMENT '是否并发执行（0允许 1禁止）',
  `status` char(1) DEFAULT '0' COMMENT '状态（0正常 1暂停）',
  `create_by` varchar(64) DEFAULT '' COMMENT '创建者',
  `create_time` datetime DEFAULT NULL COMMENT '创建时间',
  `update_by` varchar(64) DEFAULT '' COMMENT '更新者',
  `update_time` datetime DEFAULT NULL COMMENT '更新时间',
  `remark` varchar(500) DEFAULT '' COMMENT '备注信息',
  PRIMARY KEY (`job_id`,`job_name`,`job_group`)
) ENGINE=InnoDB AUTO_INCREMENT=4 DEFAULT CHARSET=utf8 COMMENT='定时任务调度表';

-- ----------------------------
-- Records of sys_job
-- ----------------------------
INSERT INTO `sys_job` VALUES ('1', '系统默认（无参）', 'DEFAULT', 'ryTask.ryNoParams', '0/10 * * * * ?', '3', '1', '1', 'admin', '2020-11-23 19:46:25', '', null, '');
INSERT INTO `sys_job` VALUES ('2', '系统默认（有参）', 'DEFAULT', 'ryTask.ryParams(\'ry\')', '0/15 * * * * ?', '3', '1', '1', 'admin', '2020-11-23 19:46:25', '', null, '');
INSERT INTO `sys_job` VALUES ('3', '系统默认（多参）', 'DEFAULT', 'ryTask.ryMultipleParams(\'ry\', true, 2000L, 316.50D, 100)', '0/20 * * * * ?', '3', '1', '1', 'admin', '2020-11-23 19:46:25', '', null, '');

-- ----------------------------
-- Table structure for sys_job_log
-- ----------------------------
DROP TABLE IF EXISTS `sys_job_log`;
CREATE TABLE `sys_job_log` (
  `job_log_id` bigint(20) NOT NULL AUTO_INCREMENT COMMENT '任务日志ID',
  `job_name` varchar(64) NOT NULL COMMENT '任务名称',
  `job_group` varchar(64) NOT NULL COMMENT '任务组名',
  `invoke_target` varchar(500) NOT NULL COMMENT '调用目标字符串',
  `job_message` varchar(500) DEFAULT NULL COMMENT '日志信息',
  `status` char(1) DEFAULT '0' COMMENT '执行状态（0正常 1失败）',
  `exception_info` varchar(2000) DEFAULT '' COMMENT '异常信息',
  `create_time` datetime DEFAULT NULL COMMENT '创建时间',
  PRIMARY KEY (`job_log_id`)
) ENGINE=InnoDB DEFAULT CHARSET=utf8 COMMENT='定时任务调度日志表';

-- ----------------------------
-- Records of sys_job_log
-- ----------------------------

-- ----------------------------
-- Table structure for sys_logininfor
-- ----------------------------
DROP TABLE IF EXISTS `sys_logininfor`;
CREATE TABLE `sys_logininfor` (
  `info_id` bigint(20) NOT NULL AUTO_INCREMENT COMMENT '访问ID',
  `user_name` varchar(50) DEFAULT '' COMMENT '用户账号',
  `ipaddr` varchar(50) DEFAULT '' COMMENT '登录IP地址',
  `login_location` varchar(255) DEFAULT '' COMMENT '登录地点',
  `browser` varchar(50) DEFAULT '' COMMENT '浏览器类型',
  `os` varchar(50) DEFAULT '' COMMENT '操作系统',
  `status` char(1) DEFAULT '0' COMMENT '登录状态（0成功 1失败）',
  `msg` varchar(255) DEFAULT '' COMMENT '提示消息',
  `login_time` datetime DEFAULT NULL COMMENT '访问时间',
  PRIMARY KEY (`info_id`)
) ENGINE=InnoDB AUTO_INCREMENT=364 DEFAULT CHARSET=utf8 COMMENT='系统访问记录';

-- ----------------------------
-- Records of sys_logininfor
-- ----------------------------

-- ----------------------------
-- Table structure for sys_menu
-- ----------------------------
DROP TABLE IF EXISTS `sys_menu`;
CREATE TABLE `sys_menu` (
  `menu_id` bigint(20) NOT NULL AUTO_INCREMENT COMMENT '菜单ID',
  `menu_name` varchar(50) NOT NULL COMMENT '菜单名称',
  `parent_id` bigint(20) DEFAULT '0' COMMENT '父菜单ID',
  `order_num` int(4) DEFAULT '0' COMMENT '显示顺序',
  `path` varchar(200) DEFAULT '' COMMENT '路由地址',
  `component` varchar(255) DEFAULT NULL COMMENT '组件路径',
  `is_frame` int(1) DEFAULT '1' COMMENT '是否为外链（0是 1否）',
  `is_cache` int(1) DEFAULT '0' COMMENT '是否缓存（0缓存 1不缓存）',
  `menu_type` char(1) DEFAULT '' COMMENT '菜单类型（M目录 C菜单 F按钮）',
  `visible` char(1) DEFAULT '0' COMMENT '菜单状态（0显示 1隐藏）',
  `status` char(1) DEFAULT '0' COMMENT '菜单状态（0正常 1停用）',
  `perms` varchar(100) DEFAULT NULL COMMENT '权限标识',
  `icon` varchar(100) DEFAULT '#' COMMENT '菜单图标',
  `create_by` varchar(64) DEFAULT '' COMMENT '创建者',
  `create_time` datetime DEFAULT NULL COMMENT '创建时间',
  `update_by` varchar(64) DEFAULT '' COMMENT '更新者',
  `update_time` datetime DEFAULT NULL COMMENT '更新时间',
  `remark` varchar(500) DEFAULT '' COMMENT '备注',
  PRIMARY KEY (`menu_id`)
) ENGINE=InnoDB AUTO_INCREMENT=2020 DEFAULT CHARSET=utf8 COMMENT='菜单权限表';

-- ----------------------------
-- Records of sys_menu
-- ----------------------------
INSERT INTO `sys_menu` VALUES ('1', '系统管理', '0', '1', 'system', null, '1', '0', 'M', '0', '0', '', 'system', 'admin', '2020-11-23 19:46:25', '', null, '系统管理目录');
INSERT INTO `sys_menu` VALUES ('2', '系统监控', '0', '2', 'monitor', null, '1', '0', 'M', '0', '0', '', 'monitor', 'admin', '2020-11-23 19:46:25', '', null, '系统监控目录');
INSERT INTO `sys_menu` VALUES ('3', '系统工具', '0', '3', 'tool', null, '1', '0', 'M', '0', '0', '', 'tool', 'admin', '2020-11-23 19:46:25', '', null, '系统工具目录');
INSERT INTO `sys_menu` VALUES ('4', '若依官网', '0', '4', 'http://ruoyi.vip', null, '0', '0', 'M', '0', '0', '', 'guide', 'admin', '2020-11-23 19:46:25', '', null, '若依官网地址');
INSERT INTO `sys_menu` VALUES ('100', '用户管理', '1', '1', 'user', 'system/user/index', '1', '0', 'C', '0', '0', 'system:user:list', 'user', 'admin', '2020-11-23 19:46:25', '', null, '用户管理菜单');
INSERT INTO `sys_menu` VALUES ('101', '角色管理', '1', '2', 'role', 'system/role/index', '1', '0', 'C', '0', '0', 'system:role:list', 'peoples', 'admin', '2020-11-23 19:46:25', '', null, '角色管理菜单');
INSERT INTO `sys_menu` VALUES ('102', '菜单管理', '1', '3', 'menu', 'system/menu/index', '1', '0', 'C', '0', '0', 'system:menu:list', 'tree-table', 'admin', '2020-11-23 19:46:25', '', null, '菜单管理菜单');
INSERT INTO `sys_menu` VALUES ('103', '部门管理', '1', '4', 'dept', 'system/dept/index', '1', '0', 'C', '0', '0', 'system:dept:list', 'tree', 'admin', '2020-11-23 19:46:25', '', null, '部门管理菜单');
INSERT INTO `sys_menu` VALUES ('104', '岗位管理', '1', '5', 'post', 'system/post/index', '1', '0', 'C', '0', '0', 'system:post:list', 'post', 'admin', '2020-11-23 19:46:25', '', null, '岗位管理菜单');
INSERT INTO `sys_menu` VALUES ('105', '字典管理', '1', '6', 'dict', 'system/dict/index', '1', '0', 'C', '0', '0', 'system:dict:list', 'dict', 'admin', '2020-11-23 19:46:25', '', null, '字典管理菜单');
INSERT INTO `sys_menu` VALUES ('106', '参数设置', '1', '7', 'config', 'system/config/index', '1', '0', 'C', '0', '0', 'system:config:list', 'edit', 'admin', '2020-11-23 19:46:25', '', null, '参数设置菜单');
INSERT INTO `sys_menu` VALUES ('107', '通知公告', '1', '8', 'notice', 'system/notice/index', '1', '0', 'C', '0', '0', 'system:notice:list', 'message', 'admin', '2020-11-23 19:46:25', '', null, '通知公告菜单');
INSERT INTO `sys_menu` VALUES ('108', '日志管理', '1', '9', 'log', 'system/log/index', '1', '0', 'M', '0', '0', '', 'log', 'admin', '2020-11-23 19:46:25', '', null, '日志管理菜单');
INSERT INTO `sys_menu` VALUES ('109', '在线用户', '2', '1', 'online', 'monitor/online/index', '1', '0', 'C', '0', '0', 'monitor:online:list', 'online', 'admin', '2020-11-23 19:46:25', '', null, '在线用户菜单');
INSERT INTO `sys_menu` VALUES ('110', '定时任务', '2', '2', 'job', 'monitor/job/index', '1', '0', 'C', '0', '0', 'monitor:job:list', 'job', 'admin', '2020-11-23 19:46:25', '', null, '定时任务菜单');
INSERT INTO `sys_menu` VALUES ('111', '数据监控', '2', '3', 'druid', 'monitor/druid/index', '1', '0', 'C', '0', '0', 'monitor:druid:list', 'druid', 'admin', '2020-11-23 19:46:25', '', null, '数据监控菜单');
INSERT INTO `sys_menu` VALUES ('112', '服务监控', '2', '4', 'server', 'monitor/server/index', '1', '0', 'C', '0', '0', 'monitor:server:list', 'server', 'admin', '2020-11-23 19:46:25', '', null, '服务监控菜单');
INSERT INTO `sys_menu` VALUES ('113', '缓存监控', '2', '5', 'cache', 'monitor/cache/index', '1', '0', 'C', '0', '0', 'monitor:cache:list', 'redis', 'admin', '2020-11-23 19:46:25', '', null, '缓存监控菜单');
INSERT INTO `sys_menu` VALUES ('114', '表单构建', '3', '1', 'build', 'tool/build/index', '1', '0', 'C', '0', '0', 'tool:build:list', 'build', 'admin', '2020-11-23 19:46:25', '', null, '表单构建菜单');
INSERT INTO `sys_menu` VALUES ('115', '代码生成', '3', '2', 'gen', 'tool/gen/index', '1', '0', 'C', '0', '0', 'tool:gen:list', 'code', 'admin', '2020-11-23 19:46:25', '', null, '代码生成菜单');
INSERT INTO `sys_menu` VALUES ('116', '系统接口', '3', '3', 'swagger', 'tool/swagger/index', '1', '0', 'C', '0', '0', 'tool:swagger:list', 'swagger', 'admin', '2020-11-23 19:46:25', '', null, '系统接口菜单');
INSERT INTO `sys_menu` VALUES ('500', '操作日志', '108', '1', 'operlog', 'monitor/operlog/index', '1', '0', 'C', '0', '0', 'monitor:operlog:list', 'form', 'admin', '2020-11-23 19:46:25', '', null, '操作日志菜单');
INSERT INTO `sys_menu` VALUES ('501', '登录日志', '108', '2', 'logininfor', 'monitor/logininfor/index', '1', '0', 'C', '0', '0', 'monitor:logininfor:list', 'logininfor', 'admin', '2020-11-23 19:46:25', '', null, '登录日志菜单');
INSERT INTO `sys_menu` VALUES ('1001', '用户查询', '100', '1', '', '', '1', '0', 'F', '0', '0', 'system:user:query', '#', 'admin', '2020-11-23 19:46:25', '', null, '');
INSERT INTO `sys_menu` VALUES ('1002', '用户新增', '100', '2', '', '', '1', '0', 'F', '0', '0', 'system:user:add', '#', 'admin', '2020-11-23 19:46:25', '', null, '');
INSERT INTO `sys_menu` VALUES ('1003', '用户修改', '100', '3', '', '', '1', '0', 'F', '0', '0', 'system:user:edit', '#', 'admin', '2020-11-23 19:46:25', '', null, '');
INSERT INTO `sys_menu` VALUES ('1004', '用户删除', '100', '4', '', '', '1', '0', 'F', '0', '0', 'system:user:remove', '#', 'admin', '2020-11-23 19:46:25', '', null, '');
INSERT INTO `sys_menu` VALUES ('1005', '用户导出', '100', '5', '', '', '1', '0', 'F', '0', '0', 'system:user:export', '#', 'admin', '2020-11-23 19:46:25', '', null, '');
INSERT INTO `sys_menu` VALUES ('1006', '用户导入', '100', '6', '', '', '1', '0', 'F', '0', '0', 'system:user:import', '#', 'admin', '2020-11-23 19:46:25', '', null, '');
INSERT INTO `sys_menu` VALUES ('1007', '重置密码', '100', '7', '', '', '1', '0', 'F', '0', '0', 'system:user:resetPwd', '#', 'admin', '2020-11-23 19:46:25', '', null, '');
INSERT INTO `sys_menu` VALUES ('1008', '角色查询', '101', '1', '', '', '1', '0', 'F', '0', '0', 'system:role:query', '#', 'admin', '2020-11-23 19:46:25', '', null, '');
INSERT INTO `sys_menu` VALUES ('1009', '角色新增', '101', '2', '', '', '1', '0', 'F', '0', '0', 'system:role:add', '#', 'admin', '2020-11-23 19:46:25', '', null, '');
INSERT INTO `sys_menu` VALUES ('1010', '角色修改', '101', '3', '', '', '1', '0', 'F', '0', '0', 'system:role:edit', '#', 'admin', '2020-11-23 19:46:25', '', null, '');
INSERT INTO `sys_menu` VALUES ('1011', '角色删除', '101', '4', '', '', '1', '0', 'F', '0', '0', 'system:role:remove', '#', 'admin', '2020-11-23 19:46:25', '', null, '');
INSERT INTO `sys_menu` VALUES ('1012', '角色导出', '101', '5', '', '', '1', '0', 'F', '0', '0', 'system:role:export', '#', 'admin', '2020-11-23 19:46:25', '', null, '');
INSERT INTO `sys_menu` VALUES ('1013', '菜单查询', '102', '1', '', '', '1', '0', 'F', '0', '0', 'system:menu:query', '#', 'admin', '2020-11-23 19:46:25', '', null, '');
INSERT INTO `sys_menu` VALUES ('1014', '菜单新增', '102', '2', '', '', '1', '0', 'F', '0', '0', 'system:menu:add', '#', 'admin', '2020-11-23 19:46:25', '', null, '');
INSERT INTO `sys_menu` VALUES ('1015', '菜单修改', '102', '3', '', '', '1', '0', 'F', '0', '0', 'system:menu:edit', '#', 'admin', '2020-11-23 19:46:25', '', null, '');
INSERT INTO `sys_menu` VALUES ('1016', '菜单删除', '102', '4', '', '', '1', '0', 'F', '0', '0', 'system:menu:remove', '#', 'admin', '2020-11-23 19:46:25', '', null, '');
INSERT INTO `sys_menu` VALUES ('1017', '部门查询', '103', '1', '', '', '1', '0', 'F', '0', '0', 'system:dept:query', '#', 'admin', '2020-11-23 19:46:25', '', null, '');
INSERT INTO `sys_menu` VALUES ('1018', '部门新增', '103', '2', '', '', '1', '0', 'F', '0', '0', 'system:dept:add', '#', 'admin', '2020-11-23 19:46:25', '', null, '');
INSERT INTO `sys_menu` VALUES ('1019', '部门修改', '103', '3', '', '', '1', '0', 'F', '0', '0', 'system:dept:edit', '#', 'admin', '2020-11-23 19:46:25', '', null, '');
INSERT INTO `sys_menu` VALUES ('1020', '部门删除', '103', '4', '', '', '1', '0', 'F', '0', '0', 'system:dept:remove', '#', 'admin', '2020-11-23 19:46:25', '', null, '');
INSERT INTO `sys_menu` VALUES ('1021', '岗位查询', '104', '1', '', '', '1', '0', 'F', '0', '0', 'system:post:query', '#', 'admin', '2020-11-23 19:46:25', '', null, '');
INSERT INTO `sys_menu` VALUES ('1022', '岗位新增', '104', '2', '', '', '1', '0', 'F', '0', '0', 'system:post:add', '#', 'admin', '2020-11-23 19:46:25', '', null, '');
INSERT INTO `sys_menu` VALUES ('1023', '岗位修改', '104', '3', '', '', '1', '0', 'F', '0', '0', 'system:post:edit', '#', 'admin', '2020-11-23 19:46:25', '', null, '');
INSERT INTO `sys_menu` VALUES ('1024', '岗位删除', '104', '4', '', '', '1', '0', 'F', '0', '0', 'system:post:remove', '#', 'admin', '2020-11-23 19:46:25', '', null, '');
INSERT INTO `sys_menu` VALUES ('1025', '岗位导出', '104', '5', '', '', '1', '0', 'F', '0', '0', 'system:post:export', '#', 'admin', '2020-11-23 19:46:25', '', null, '');
INSERT INTO `sys_menu` VALUES ('1026', '字典查询', '105', '1', '#', '', '1', '0', 'F', '0', '0', 'system:dict:query', '#', 'admin', '2020-11-23 19:46:25', '', null, '');
INSERT INTO `sys_menu` VALUES ('1027', '字典新增', '105', '2', '#', '', '1', '0', 'F', '0', '0', 'system:dict:add', '#', 'admin', '2020-11-23 19:46:25', '', null, '');
INSERT INTO `sys_menu` VALUES ('1028', '字典修改', '105', '3', '#', '', '1', '0', 'F', '0', '0', 'system:dict:edit', '#', 'admin', '2020-11-23 19:46:25', '', null, '');
INSERT INTO `sys_menu` VALUES ('1029', '字典删除', '105', '4', '#', '', '1', '0', 'F', '0', '0', 'system:dict:remove', '#', 'admin', '2020-11-23 19:46:25', '', null, '');
INSERT INTO `sys_menu` VALUES ('1030', '字典导出', '105', '5', '#', '', '1', '0', 'F', '0', '0', 'system:dict:export', '#', 'admin', '2020-11-23 19:46:25', '', null, '');
INSERT INTO `sys_menu` VALUES ('1031', '参数查询', '106', '1', '#', '', '1', '0', 'F', '0', '0', 'system:config:query', '#', 'admin', '2020-11-23 19:46:25', '', null, '');
INSERT INTO `sys_menu` VALUES ('1032', '参数新增', '106', '2', '#', '', '1', '0', 'F', '0', '0', 'system:config:add', '#', 'admin', '2020-11-23 19:46:25', '', null, '');
INSERT INTO `sys_menu` VALUES ('1033', '参数修改', '106', '3', '#', '', '1', '0', 'F', '0', '0', 'system:config:edit', '#', 'admin', '2020-11-23 19:46:25', '', null, '');
INSERT INTO `sys_menu` VALUES ('1034', '参数删除', '106', '4', '#', '', '1', '0', 'F', '0', '0', 'system:config:remove', '#', 'admin', '2020-11-23 19:46:25', '', null, '');
INSERT INTO `sys_menu` VALUES ('1035', '参数导出', '106', '5', '#', '', '1', '0', 'F', '0', '0', 'system:config:export', '#', 'admin', '2020-11-23 19:46:25', '', null, '');
INSERT INTO `sys_menu` VALUES ('1036', '公告查询', '107', '1', '#', '', '1', '0', 'F', '0', '0', 'system:notice:query', '#', 'admin', '2020-11-23 19:46:25', '', null, '');
INSERT INTO `sys_menu` VALUES ('1037', '公告新增', '107', '2', '#', '', '1', '0', 'F', '0', '0', 'system:notice:add', '#', 'admin', '2020-11-23 19:46:25', '', null, '');
INSERT INTO `sys_menu` VALUES ('1038', '公告修改', '107', '3', '#', '', '1', '0', 'F', '0', '0', 'system:notice:edit', '#', 'admin', '2020-11-23 19:46:25', '', null, '');
INSERT INTO `sys_menu` VALUES ('1039', '公告删除', '107', '4', '#', '', '1', '0', 'F', '0', '0', 'system:notice:remove', '#', 'admin', '2020-11-23 19:46:25', '', null, '');
INSERT INTO `sys_menu` VALUES ('1040', '操作查询', '500', '1', '#', '', '1', '0', 'F', '0', '0', 'monitor:operlog:query', '#', 'admin', '2020-11-23 19:46:25', '', null, '');
INSERT INTO `sys_menu` VALUES ('1041', '操作删除', '500', '2', '#', '', '1', '0', 'F', '0', '0', 'monitor:operlog:remove', '#', 'admin', '2020-11-23 19:46:25', '', null, '');
INSERT INTO `sys_menu` VALUES ('1042', '日志导出', '500', '4', '#', '', '1', '0', 'F', '0', '0', 'monitor:operlog:export', '#', 'admin', '2020-11-23 19:46:25', '', null, '');
INSERT INTO `sys_menu` VALUES ('1043', '登录查询', '501', '1', '#', '', '1', '0', 'F', '0', '0', 'monitor:logininfor:query', '#', 'admin', '2020-11-23 19:46:25', '', null, '');
INSERT INTO `sys_menu` VALUES ('1044', '登录删除', '501', '2', '#', '', '1', '0', 'F', '0', '0', 'monitor:logininfor:remove', '#', 'admin', '2020-11-23 19:46:25', '', null, '');
INSERT INTO `sys_menu` VALUES ('1045', '日志导出', '501', '3', '#', '', '1', '0', 'F', '0', '0', 'monitor:logininfor:export', '#', 'admin', '2020-11-23 19:46:25', '', null, '');
INSERT INTO `sys_menu` VALUES ('1046', '在线查询', '109', '1', '#', '', '1', '0', 'F', '0', '0', 'monitor:online:query', '#', 'admin', '2020-11-23 19:46:25', '', null, '');
INSERT INTO `sys_menu` VALUES ('1047', '批量强退', '109', '2', '#', '', '1', '0', 'F', '0', '0', 'monitor:online:batchLogout', '#', 'admin', '2020-11-23 19:46:25', '', null, '');
INSERT INTO `sys_menu` VALUES ('1048', '单条强退', '109', '3', '#', '', '1', '0', 'F', '0', '0', 'monitor:online:forceLogout', '#', 'admin', '2020-11-23 19:46:25', '', null, '');
INSERT INTO `sys_menu` VALUES ('1049', '任务查询', '110', '1', '#', '', '1', '0', 'F', '0', '0', 'monitor:job:query', '#', 'admin', '2020-11-23 19:46:25', '', null, '');
INSERT INTO `sys_menu` VALUES ('1050', '任务新增', '110', '2', '#', '', '1', '0', 'F', '0', '0', 'monitor:job:add', '#', 'admin', '2020-11-23 19:46:25', '', null, '');
INSERT INTO `sys_menu` VALUES ('1051', '任务修改', '110', '3', '#', '', '1', '0', 'F', '0', '0', 'monitor:job:edit', '#', 'admin', '2020-11-23 19:46:25', '', null, '');
INSERT INTO `sys_menu` VALUES ('1052', '任务删除', '110', '4', '#', '', '1', '0', 'F', '0', '0', 'monitor:job:remove', '#', 'admin', '2020-11-23 19:46:25', '', null, '');
INSERT INTO `sys_menu` VALUES ('1053', '状态修改', '110', '5', '#', '', '1', '0', 'F', '0', '0', 'monitor:job:changeStatus', '#', 'admin', '2020-11-23 19:46:25', '', null, '');
INSERT INTO `sys_menu` VALUES ('1054', '任务导出', '110', '7', '#', '', '1', '0', 'F', '0', '0', 'monitor:job:export', '#', 'admin', '2020-11-23 19:46:25', '', null, '');
INSERT INTO `sys_menu` VALUES ('1055', '生成查询', '115', '1', '#', '', '1', '0', 'F', '0', '0', 'tool:gen:query', '#', 'admin', '2020-11-23 19:46:25', '', null, '');
INSERT INTO `sys_menu` VALUES ('1056', '生成修改', '115', '2', '#', '', '1', '0', 'F', '0', '0', 'tool:gen:edit', '#', 'admin', '2020-11-23 19:46:25', '', null, '');
INSERT INTO `sys_menu` VALUES ('1057', '生成删除', '115', '3', '#', '', '1', '0', 'F', '0', '0', 'tool:gen:remove', '#', 'admin', '2020-11-23 19:46:25', '', null, '');
INSERT INTO `sys_menu` VALUES ('1058', '导入代码', '115', '2', '#', '', '1', '0', 'F', '0', '0', 'tool:gen:import', '#', 'admin', '2020-11-23 19:46:25', '', null, '');
INSERT INTO `sys_menu` VALUES ('1059', '预览代码', '115', '4', '#', '', '1', '0', 'F', '0', '0', 'tool:gen:preview', '#', 'admin', '2020-11-23 19:46:25', '', null, '');
INSERT INTO `sys_menu` VALUES ('1060', '生成代码', '115', '5', '#', '', '1', '0', 'F', '0', '0', 'tool:gen:code', '#', 'admin', '2020-11-23 19:46:25', '', null, '');
INSERT INTO `sys_menu` VALUES ('2000', '流程菜单', '0', '4', 'activiti', null, '1', '0', 'M', '0', '0', '', 'cascader', 'admin', '2020-11-23 20:39:08', 'admin', '2020-11-24 18:58:55', '');
INSERT INTO `sys_menu` VALUES ('2001', '流程模型', '2000', '1', 'modeler', 'activiti/modeler/index', '1', '0', 'C', '0', '0', 'activiti:modeler:list', 'component', 'admin', '2020-11-23 20:40:39', 'admin', '2020-11-24 18:59:51', '');
INSERT INTO `sys_menu` VALUES ('2002', '流程定义', '2000', '2', 'definition', 'activiti/definition/index', '1', '0', 'C', '0', '0', 'activiti:definition:list', 'upload', 'admin', '2020-11-24 18:50:12', 'admin', '2020-11-24 18:59:13', '');
INSERT INTO `sys_menu` VALUES ('2003', '示例Demo', '2009', '1', 'demo', 'example/demo/index', '1', '0', 'C', '0', '0', 'example:demo:list', 'star', 'admin', '2020-11-25 18:14:00', 'admin', '2020-12-03 22:42:17', '示例Demo菜单');
INSERT INTO `sys_menu` VALUES ('2004', '示例Demo查询', '2003', '1', '#', '', '1', '0', 'F', '0', '0', 'example:demo:query', '#', 'admin', '2020-11-25 18:14:00', '', null, '');
INSERT INTO `sys_menu` VALUES ('2005', '示例Demo新增', '2003', '2', '#', '', '1', '0', 'F', '0', '0', 'example:demo:add', '#', 'admin', '2020-11-25 18:14:00', '', null, '');
INSERT INTO `sys_menu` VALUES ('2006', '示例Demo修改', '2003', '3', '#', '', '1', '0', 'F', '0', '0', 'example:demo:edit', '#', 'admin', '2020-11-25 18:14:00', '', null, '');
INSERT INTO `sys_menu` VALUES ('2007', '示例Demo删除', '2003', '4', '#', '', '1', '0', 'F', '0', '0', 'example:demo:remove', '#', 'admin', '2020-11-25 18:14:00', '', null, '');
INSERT INTO `sys_menu` VALUES ('2008', '示例Demo导出', '2003', '5', '#', '', '1', '0', 'F', '0', '0', 'example:demo:export', '#', 'admin', '2020-11-25 18:14:00', '', null, '');
INSERT INTO `sys_menu` VALUES ('2009', '业务菜单', '0', '5', 'business', null, '1', '0', 'M', '0', '0', null, 'log', 'admin', '2020-11-25 18:19:25', '', null, '');
INSERT INTO `sys_menu` VALUES ('2011', '待办事项', '0', '6', 'todoItem', null, '1', '0', 'M', '0', '0', '', 'form', 'admin', '2020-11-26 18:51:56', 'admin', '2020-11-26 19:09:15', '');
INSERT INTO `sys_menu` VALUES ('2012', '我的待办', '2011', '1', 'todo', 'todoItem/todo/index', '1', '0', 'C', '0', '0', 'todoItem:todo:list', 'edit', 'admin', '2020-11-26 18:52:49', 'admin', '2020-11-26 19:10:16', '');
INSERT INTO `sys_menu` VALUES ('2013', '我的已办', '2011', '2', 'done', 'todoItem/done/index', '1', '0', 'C', '0', '0', 'todoItem:done:list', 'checkbox', 'admin', '2020-11-26 18:53:27', 'admin', '2020-11-26 19:10:06', '');
INSERT INTO `sys_menu` VALUES ('2014', '请假业务', '2009', '1', 'leave', 'leave/leave/index', '1', '0', 'C', '0', '0', 'leave:leave:list', 'skill', 'admin', '2020-11-29 21:39:14', 'admin', '2020-11-30 18:18:45', '请假菜单');
INSERT INTO `sys_menu` VALUES ('2015', '请假查询', '2014', '1', '#', '', '1', '0', 'F', '0', '0', 'leave:leave:query', '#', 'admin', '2020-11-29 21:39:14', '', null, '');
INSERT INTO `sys_menu` VALUES ('2016', '请假新增', '2014', '2', '#', '', '1', '0', 'F', '0', '0', 'leave:leave:add', '#', 'admin', '2020-11-29 21:39:14', '', null, '');
INSERT INTO `sys_menu` VALUES ('2017', '请假修改', '2014', '3', '#', '', '1', '0', 'F', '0', '0', 'leave:leave:edit', '#', 'admin', '2020-11-29 21:39:14', '', null, '');
INSERT INTO `sys_menu` VALUES ('2018', '请假删除', '2014', '4', '#', '', '1', '0', 'F', '0', '0', 'leave:leave:remove', '#', 'admin', '2020-11-29 21:39:14', '', null, '');
INSERT INTO `sys_menu` VALUES ('2019', '请假导出', '2014', '5', '#', '', '1', '0', 'F', '0', '0', 'leave:leave:export', '#', 'admin', '2020-11-29 21:39:14', '', null, '');

-- ----------------------------
-- Table structure for sys_notice
-- ----------------------------
DROP TABLE IF EXISTS `sys_notice`;
CREATE TABLE `sys_notice` (
  `notice_id` int(4) NOT NULL AUTO_INCREMENT COMMENT '公告ID',
  `notice_title` varchar(50) NOT NULL COMMENT '公告标题',
  `notice_type` char(1) NOT NULL COMMENT '公告类型（1通知 2公告）',
  `notice_content` longblob COMMENT '公告内容',
  `status` char(1) DEFAULT '0' COMMENT '公告状态（0正常 1关闭）',
  `create_by` varchar(64) DEFAULT '' COMMENT '创建者',
  `create_time` datetime DEFAULT NULL COMMENT '创建时间',
  `update_by` varchar(64) DEFAULT '' COMMENT '更新者',
  `update_time` datetime DEFAULT NULL COMMENT '更新时间',
  `remark` varchar(255) DEFAULT NULL COMMENT '备注',
  PRIMARY KEY (`notice_id`)
) ENGINE=InnoDB AUTO_INCREMENT=3 DEFAULT CHARSET=utf8 COMMENT='通知公告表';

-- ----------------------------
-- Records of sys_notice
-- ----------------------------
INSERT INTO `sys_notice` VALUES ('1', '温馨提醒：2018-07-01 若依新版本发布啦', '2', 0xE696B0E78988E69CACE58685E5AEB9, '0', 'admin', '2020-11-23 19:46:25', '', null, '管理员');
INSERT INTO `sys_notice` VALUES ('2', '维护通知：2018-07-01 若依系统凌晨维护', '1', 0xE7BBB4E68AA4E58685E5AEB9, '0', 'admin', '2020-11-23 19:46:25', '', null, '管理员');

-- ----------------------------
-- Table structure for sys_oper_log
-- ----------------------------
DROP TABLE IF EXISTS `sys_oper_log`;
CREATE TABLE `sys_oper_log` (
  `oper_id` bigint(20) NOT NULL AUTO_INCREMENT COMMENT '日志主键',
  `title` varchar(50) DEFAULT '' COMMENT '模块标题',
  `business_type` int(2) DEFAULT '0' COMMENT '业务类型（0其它 1新增 2修改 3删除）',
  `method` varchar(100) DEFAULT '' COMMENT '方法名称',
  `request_method` varchar(10) DEFAULT '' COMMENT '请求方式',
  `operator_type` int(1) DEFAULT '0' COMMENT '操作类别（0其它 1后台用户 2手机端用户）',
  `oper_name` varchar(50) DEFAULT '' COMMENT '操作人员',
  `dept_name` varchar(50) DEFAULT '' COMMENT '部门名称',
  `oper_url` varchar(255) DEFAULT '' COMMENT '请求URL',
  `oper_ip` varchar(50) DEFAULT '' COMMENT '主机地址',
  `oper_location` varchar(255) DEFAULT '' COMMENT '操作地点',
  `oper_param` varchar(2000) DEFAULT '' COMMENT '请求参数',
  `json_result` varchar(2000) DEFAULT '' COMMENT '返回参数',
  `status` int(1) DEFAULT '0' COMMENT '操作状态（0正常 1异常）',
  `error_msg` varchar(2000) DEFAULT '' COMMENT '错误消息',
  `oper_time` datetime DEFAULT NULL COMMENT '操作时间',
  PRIMARY KEY (`oper_id`)
) ENGINE=InnoDB AUTO_INCREMENT=345 DEFAULT CHARSET=utf8 COMMENT='操作日志记录';

-- ----------------------------
-- Records of sys_oper_log
-- ----------------------------

-- ----------------------------
-- Table structure for sys_post
-- ----------------------------
DROP TABLE IF EXISTS `sys_post`;
CREATE TABLE `sys_post` (
  `post_id` bigint(20) NOT NULL AUTO_INCREMENT COMMENT '岗位ID',
  `post_code` varchar(64) NOT NULL COMMENT '岗位编码',
  `post_name` varchar(50) NOT NULL COMMENT '岗位名称',
  `post_sort` int(4) NOT NULL COMMENT '显示顺序',
  `status` char(1) NOT NULL COMMENT '状态（0正常 1停用）',
  `create_by` varchar(64) DEFAULT '' COMMENT '创建者',
  `create_time` datetime DEFAULT NULL COMMENT '创建时间',
  `update_by` varchar(64) DEFAULT '' COMMENT '更新者',
  `update_time` datetime DEFAULT NULL COMMENT '更新时间',
  `remark` varchar(500) DEFAULT NULL COMMENT '备注',
  PRIMARY KEY (`post_id`)
) ENGINE=InnoDB AUTO_INCREMENT=5 DEFAULT CHARSET=utf8 COMMENT='岗位信息表';

-- ----------------------------
-- Records of sys_post
-- ----------------------------
INSERT INTO `sys_post` VALUES ('1', 'ceo', '董事长', '1', '0', 'admin', '2020-11-23 19:46:25', '', null, '');
INSERT INTO `sys_post` VALUES ('2', 'se', '项目经理', '2', '0', 'admin', '2020-11-23 19:46:25', '', null, '');
INSERT INTO `sys_post` VALUES ('3', 'hr', '人力资源', '3', '0', 'admin', '2020-11-23 19:46:25', '', null, '');
INSERT INTO `sys_post` VALUES ('4', 'user', '普通员工', '4', '0', 'admin', '2020-11-23 19:46:25', '', null, '');

-- ----------------------------
-- Table structure for sys_role
-- ----------------------------
DROP TABLE IF EXISTS `sys_role`;
CREATE TABLE `sys_role` (
  `role_id` bigint(20) NOT NULL AUTO_INCREMENT COMMENT '角色ID',
  `role_name` varchar(30) NOT NULL COMMENT '角色名称',
  `role_key` varchar(100) NOT NULL COMMENT '角色权限字符串',
  `role_sort` int(4) NOT NULL COMMENT '显示顺序',
  `data_scope` char(1) DEFAULT '1' COMMENT '数据范围（1：全部数据权限 2：自定数据权限 3：本部门数据权限 4：本部门及以下数据权限）',
  `menu_check_strictly` tinyint(1) DEFAULT '1' COMMENT '菜单树选择项是否关联显示',
  `dept_check_strictly` tinyint(1) DEFAULT '1' COMMENT '部门树选择项是否关联显示',
  `status` char(1) NOT NULL COMMENT '角色状态（0正常 1停用）',
  `del_flag` char(1) DEFAULT '0' COMMENT '删除标志（0代表存在 2代表删除）',
  `create_by` varchar(64) DEFAULT '' COMMENT '创建者',
  `create_time` datetime DEFAULT NULL COMMENT '创建时间',
  `update_by` varchar(64) DEFAULT '' COMMENT '更新者',
  `update_time` datetime DEFAULT NULL COMMENT '更新时间',
  `remark` varchar(500) DEFAULT NULL COMMENT '备注',
  PRIMARY KEY (`role_id`)
) ENGINE=InnoDB AUTO_INCREMENT=10 DEFAULT CHARSET=utf8 COMMENT='角色信息表';

-- ----------------------------
-- Records of sys_role
-- ----------------------------
INSERT INTO `sys_role` VALUES ('1', '超级管理员', 'admin', '1', '1', '1', '1', '0', '0', 'admin', '2020-11-23 19:46:25', '', null, '超级管理员');
INSERT INTO `sys_role` VALUES ('2', '普通角色', 'common', '2', '2', '1', '1', '0', '0', 'admin', '2020-11-23 19:46:25', 'admin', '2020-12-05 17:37:38', '普通角色');
INSERT INTO `sys_role` VALUES ('3', '供电分管人员', 'gdfgry', '11', '1', '1', '1', '0', '0', 'admin', '2020-11-24 20:27:54', '', null, null);
INSERT INTO `sys_role` VALUES ('4', '机电科电管员', 'jdkdgy', '12', '5', '1', '1', '0', '0', 'admin', '2020-11-24 20:28:41', '', '2020-11-30 19:22:40', null);
INSERT INTO `sys_role` VALUES ('5', '供电管理口领导', 'gdglkld', '13', '1', '1', '1', '0', '0', 'admin', '2020-11-24 20:29:08', '', null, null);
INSERT INTO `sys_role` VALUES ('6', '流程角色', 'processRole', '6', '1', '1', '1', '0', '0', 'admin', '2020-11-26 19:02:31', 'admin', '2020-12-05 17:57:03', '测试流程的角色');
INSERT INTO `sys_role` VALUES ('7', '部门领导', 'deptLeader', '101', '5', '1', '1', '0', '0', 'admin', '2020-11-29 21:49:15', 'admin', '2020-12-05 17:38:03', null);
INSERT INTO `sys_role` VALUES ('8', '人事', 'hr', '102', '5', '1', '1', '0', '0', 'admin', '2020-11-29 21:49:37', 'admin', '2020-12-05 17:38:13', null);
INSERT INTO `sys_role` VALUES ('9', '普通员工', 'employee', '100', '5', '1', '1', '0', '0', 'admin', '2020-11-29 21:51:58', 'admin', '2020-12-05 17:37:57', null);

-- ----------------------------
-- Table structure for sys_role_dept
-- ----------------------------
DROP TABLE IF EXISTS `sys_role_dept`;
CREATE TABLE `sys_role_dept` (
  `role_id` bigint(20) NOT NULL COMMENT '角色ID',
  `dept_id` bigint(20) NOT NULL COMMENT '部门ID',
  PRIMARY KEY (`role_id`,`dept_id`)
) ENGINE=InnoDB DEFAULT CHARSET=utf8 COMMENT='角色和部门关联表';

-- ----------------------------
-- Records of sys_role_dept
-- ----------------------------
INSERT INTO `sys_role_dept` VALUES ('2', '100');
INSERT INTO `sys_role_dept` VALUES ('2', '101');
INSERT INTO `sys_role_dept` VALUES ('2', '105');

-- ----------------------------
-- Table structure for sys_role_menu
-- ----------------------------
DROP TABLE IF EXISTS `sys_role_menu`;
CREATE TABLE `sys_role_menu` (
  `role_id` bigint(20) NOT NULL COMMENT '角色ID',
  `menu_id` bigint(20) NOT NULL COMMENT '菜单ID',
  PRIMARY KEY (`role_id`,`menu_id`)
) ENGINE=InnoDB DEFAULT CHARSET=utf8 COMMENT='角色和菜单关联表';

-- ----------------------------
-- Records of sys_role_menu
-- ----------------------------
INSERT INTO `sys_role_menu` VALUES ('2', '1');
INSERT INTO `sys_role_menu` VALUES ('2', '2');
INSERT INTO `sys_role_menu` VALUES ('2', '3');
INSERT INTO `sys_role_menu` VALUES ('2', '4');
INSERT INTO `sys_role_menu` VALUES ('2', '100');
INSERT INTO `sys_role_menu` VALUES ('2', '101');
INSERT INTO `sys_role_menu` VALUES ('2', '102');
INSERT INTO `sys_role_menu` VALUES ('2', '103');
INSERT INTO `sys_role_menu` VALUES ('2', '104');
INSERT INTO `sys_role_menu` VALUES ('2', '105');
INSERT INTO `sys_role_menu` VALUES ('2', '106');
INSERT INTO `sys_role_menu` VALUES ('2', '107');
INSERT INTO `sys_role_menu` VALUES ('2', '108');
INSERT INTO `sys_role_menu` VALUES ('2', '109');
INSERT INTO `sys_role_menu` VALUES ('2', '110');
INSERT INTO `sys_role_menu` VALUES ('2', '111');
INSERT INTO `sys_role_menu` VALUES ('2', '112');
INSERT INTO `sys_role_menu` VALUES ('2', '113');
INSERT INTO `sys_role_menu` VALUES ('2', '114');
INSERT INTO `sys_role_menu` VALUES ('2', '115');
INSERT INTO `sys_role_menu` VALUES ('2', '116');
INSERT INTO `sys_role_menu` VALUES ('2', '500');
INSERT INTO `sys_role_menu` VALUES ('2', '501');
INSERT INTO `sys_role_menu` VALUES ('2', '1001');
INSERT INTO `sys_role_menu` VALUES ('2', '1002');
INSERT INTO `sys_role_menu` VALUES ('2', '1003');
INSERT INTO `sys_role_menu` VALUES ('2', '1004');
INSERT INTO `sys_role_menu` VALUES ('2', '1005');
INSERT INTO `sys_role_menu` VALUES ('2', '1006');
INSERT INTO `sys_role_menu` VALUES ('2', '1007');
INSERT INTO `sys_role_menu` VALUES ('2', '1008');
INSERT INTO `sys_role_menu` VALUES ('2', '1009');
INSERT INTO `sys_role_menu` VALUES ('2', '1010');
INSERT INTO `sys_role_menu` VALUES ('2', '1011');
INSERT INTO `sys_role_menu` VALUES ('2', '1012');
INSERT INTO `sys_role_menu` VALUES ('2', '1013');
INSERT INTO `sys_role_menu` VALUES ('2', '1014');
INSERT INTO `sys_role_menu` VALUES ('2', '1015');
INSERT INTO `sys_role_menu` VALUES ('2', '1016');
INSERT INTO `sys_role_menu` VALUES ('2', '1017');
INSERT INTO `sys_role_menu` VALUES ('2', '1018');
INSERT INTO `sys_role_menu` VALUES ('2', '1019');
INSERT INTO `sys_role_menu` VALUES ('2', '1020');
INSERT INTO `sys_role_menu` VALUES ('2', '1021');
INSERT INTO `sys_role_menu` VALUES ('2', '1022');
INSERT INTO `sys_role_menu` VALUES ('2', '1023');
INSERT INTO `sys_role_menu` VALUES ('2', '1024');
INSERT INTO `sys_role_menu` VALUES ('2', '1025');
INSERT INTO `sys_role_menu` VALUES ('2', '1026');
INSERT INTO `sys_role_menu` VALUES ('2', '1027');
INSERT INTO `sys_role_menu` VALUES ('2', '1028');
INSERT INTO `sys_role_menu` VALUES ('2', '1029');
INSERT INTO `sys_role_menu` VALUES ('2', '1030');
INSERT INTO `sys_role_menu` VALUES ('2', '1031');
INSERT INTO `sys_role_menu` VALUES ('2', '1032');
INSERT INTO `sys_role_menu` VALUES ('2', '1033');
INSERT INTO `sys_role_menu` VALUES ('2', '1034');
INSERT INTO `sys_role_menu` VALUES ('2', '1035');
INSERT INTO `sys_role_menu` VALUES ('2', '1036');
INSERT INTO `sys_role_menu` VALUES ('2', '1037');
INSERT INTO `sys_role_menu` VALUES ('2', '1038');
INSERT INTO `sys_role_menu` VALUES ('2', '1039');
INSERT INTO `sys_role_menu` VALUES ('2', '1040');
INSERT INTO `sys_role_menu` VALUES ('2', '1041');
INSERT INTO `sys_role_menu` VALUES ('2', '1042');
INSERT INTO `sys_role_menu` VALUES ('2', '1043');
INSERT INTO `sys_role_menu` VALUES ('2', '1044');
INSERT INTO `sys_role_menu` VALUES ('2', '1045');
INSERT INTO `sys_role_menu` VALUES ('2', '1046');
INSERT INTO `sys_role_menu` VALUES ('2', '1047');
INSERT INTO `sys_role_menu` VALUES ('2', '1048');
INSERT INTO `sys_role_menu` VALUES ('2', '1049');
INSERT INTO `sys_role_menu` VALUES ('2', '1050');
INSERT INTO `sys_role_menu` VALUES ('2', '1051');
INSERT INTO `sys_role_menu` VALUES ('2', '1052');
INSERT INTO `sys_role_menu` VALUES ('2', '1053');
INSERT INTO `sys_role_menu` VALUES ('2', '1054');
INSERT INTO `sys_role_menu` VALUES ('2', '1055');
INSERT INTO `sys_role_menu` VALUES ('2', '1056');
INSERT INTO `sys_role_menu` VALUES ('2', '1057');
INSERT INTO `sys_role_menu` VALUES ('2', '1058');
INSERT INTO `sys_role_menu` VALUES ('2', '1059');
INSERT INTO `sys_role_menu` VALUES ('2', '1060');
INSERT INTO `sys_role_menu` VALUES ('2', '2003');
INSERT INTO `sys_role_menu` VALUES ('2', '2004');
INSERT INTO `sys_role_menu` VALUES ('2', '2005');
INSERT INTO `sys_role_menu` VALUES ('2', '2006');
INSERT INTO `sys_role_menu` VALUES ('2', '2007');
INSERT INTO `sys_role_menu` VALUES ('2', '2008');
INSERT INTO `sys_role_menu` VALUES ('2', '2009');
INSERT INTO `sys_role_menu` VALUES ('2', '2011');
INSERT INTO `sys_role_menu` VALUES ('2', '2012');
INSERT INTO `sys_role_menu` VALUES ('2', '2013');
INSERT INTO `sys_role_menu` VALUES ('2', '2014');
INSERT INTO `sys_role_menu` VALUES ('2', '2015');
INSERT INTO `sys_role_menu` VALUES ('2', '2016');
INSERT INTO `sys_role_menu` VALUES ('2', '2017');
INSERT INTO `sys_role_menu` VALUES ('2', '2018');
INSERT INTO `sys_role_menu` VALUES ('2', '2019');
INSERT INTO `sys_role_menu` VALUES ('6', '1');
INSERT INTO `sys_role_menu` VALUES ('6', '100');
INSERT INTO `sys_role_menu` VALUES ('6', '1001');
INSERT INTO `sys_role_menu` VALUES ('6', '2003');
INSERT INTO `sys_role_menu` VALUES ('6', '2004');
INSERT INTO `sys_role_menu` VALUES ('6', '2005');
INSERT INTO `sys_role_menu` VALUES ('6', '2006');
INSERT INTO `sys_role_menu` VALUES ('6', '2007');
INSERT INTO `sys_role_menu` VALUES ('6', '2008');
INSERT INTO `sys_role_menu` VALUES ('6', '2009');
INSERT INTO `sys_role_menu` VALUES ('6', '2011');
INSERT INTO `sys_role_menu` VALUES ('6', '2012');
INSERT INTO `sys_role_menu` VALUES ('6', '2013');
INSERT INTO `sys_role_menu` VALUES ('6', '2014');
INSERT INTO `sys_role_menu` VALUES ('6', '2015');
INSERT INTO `sys_role_menu` VALUES ('6', '2016');
INSERT INTO `sys_role_menu` VALUES ('6', '2017');
INSERT INTO `sys_role_menu` VALUES ('6', '2018');
INSERT INTO `sys_role_menu` VALUES ('6', '2019');

-- ----------------------------
-- Table structure for sys_user
-- ----------------------------
DROP TABLE IF EXISTS `sys_user`;
CREATE TABLE `sys_user` (
  `user_id` bigint(20) NOT NULL AUTO_INCREMENT COMMENT '用户ID',
  `dept_id` bigint(20) DEFAULT NULL COMMENT '部门ID',
  `user_name` varchar(30) NOT NULL COMMENT '用户账号',
  `nick_name` varchar(30) NOT NULL COMMENT '用户昵称',
  `user_type` varchar(2) DEFAULT '00' COMMENT '用户类型（00系统用户）',
  `email` varchar(50) DEFAULT '' COMMENT '用户邮箱',
  `phonenumber` varchar(11) DEFAULT '' COMMENT '手机号码',
  `sex` char(1) DEFAULT '0' COMMENT '用户性别（0男 1女 2未知）',
  `avatar` varchar(100) DEFAULT '' COMMENT '头像地址',
  `password` varchar(100) DEFAULT '' COMMENT '密码',
  `status` char(1) DEFAULT '0' COMMENT '帐号状态（0正常 1停用）',
  `del_flag` char(1) DEFAULT '0' COMMENT '删除标志（0代表存在 2代表删除）',
  `login_ip` varchar(50) DEFAULT '' COMMENT '最后登录IP',
  `login_date` datetime DEFAULT NULL COMMENT '最后登录时间',
  `create_by` varchar(64) DEFAULT '' COMMENT '创建者',
  `create_time` datetime DEFAULT NULL COMMENT '创建时间',
  `update_by` varchar(64) DEFAULT '' COMMENT '更新者',
  `update_time` datetime DEFAULT NULL COMMENT '更新时间',
  `remark` varchar(500) DEFAULT NULL COMMENT '备注',
  PRIMARY KEY (`user_id`)
) ENGINE=InnoDB AUTO_INCREMENT=6 DEFAULT CHARSET=utf8 COMMENT='用户信息表';

-- ----------------------------
-- Records of sys_user
-- ----------------------------
INSERT INTO `sys_user` VALUES ('1', '103', 'admin', '若依', '00', 'ry@163.com', '15888888888', '1', '', '$2a$10$7JB720yubVSZvUI0rEqK/.VqGOZTH.ulu33dHOiBE8ByOhJIrdAu2', '0', '0', '127.0.0.1', '2020-11-23 19:46:25', 'admin', '2020-11-23 19:46:25', '', null, '管理员');
INSERT INTO `sys_user` VALUES ('2', '105', 'ry', '若依', '00', 'ry@qq.com', '15666666666', '1', '', '$2a$10$7JB720yubVSZvUI0rEqK/.VqGOZTH.ulu33dHOiBE8ByOhJIrdAu2', '0', '0', '127.0.0.1', '2020-11-23 19:46:25', 'admin', '2020-11-23 19:46:25', 'admin', '2020-11-26 19:02:42', '测试员');
INSERT INTO `sys_user` VALUES ('3', '105', 'chengxy', '程序猿', '00', '13111111111@qq.com', '13111111111', '0', '', '$2a$10$4P.NF2KxP9woJqWrJT4gHusm8sTB9DqqR20yPd7dTdBt.AWLcl.ny', '0', '0', '', null, 'admin', '2020-11-29 21:52:21', 'admin', '2020-12-02 20:03:29', null);
INSERT INTO `sys_user` VALUES ('4', '105', 'axianlu', '一只闲鹿', '00', '13111111112@qq.com', '13111111112', '0', '', '$2a$10$LjluH99xtX6dEXUHFgZ2UO6ywtpoogK05blGHLT9QgAOpc1Ebtyqu', '0', '0', '', null, 'admin', '2020-11-29 21:52:47', 'admin', '2020-12-02 20:03:35', null);
INSERT INTO `sys_user` VALUES ('5', '105', 'rensm', '人事喵', '00', '13111111113@qq.com', '13111111113', '0', '', '$2a$10$kDq7tOEZj1zYUk9xs2aArOz78Hg1fBd7udxBO4PcaRR4YQPT.eRKm', '0', '0', '', null, 'admin', '2020-11-29 21:53:11', 'admin', '2020-12-04 23:13:41', null);

-- ----------------------------
-- Table structure for sys_user_post
-- ----------------------------
DROP TABLE IF EXISTS `sys_user_post`;
CREATE TABLE `sys_user_post` (
  `user_id` bigint(20) NOT NULL COMMENT '用户ID',
  `post_id` bigint(20) NOT NULL COMMENT '岗位ID',
  PRIMARY KEY (`user_id`,`post_id`)
) ENGINE=InnoDB DEFAULT CHARSET=utf8 COMMENT='用户与岗位关联表';

-- ----------------------------
-- Records of sys_user_post
-- ----------------------------
INSERT INTO `sys_user_post` VALUES ('1', '1');
INSERT INTO `sys_user_post` VALUES ('2', '2');

-- ----------------------------
-- Table structure for sys_user_role
-- ----------------------------
DROP TABLE IF EXISTS `sys_user_role`;
CREATE TABLE `sys_user_role` (
  `user_id` bigint(20) NOT NULL COMMENT '用户ID',
  `role_id` bigint(20) NOT NULL COMMENT '角色ID',
  PRIMARY KEY (`user_id`,`role_id`)
) ENGINE=InnoDB DEFAULT CHARSET=utf8 COMMENT='用户和角色关联表';

-- ----------------------------
-- Records of sys_user_role
-- ----------------------------
INSERT INTO `sys_user_role` VALUES ('1', '1');
INSERT INTO `sys_user_role` VALUES ('2', '2');
INSERT INTO `sys_user_role` VALUES ('2', '6');
INSERT INTO `sys_user_role` VALUES ('3', '6');
INSERT INTO `sys_user_role` VALUES ('3', '9');
INSERT INTO `sys_user_role` VALUES ('4', '4');
INSERT INTO `sys_user_role` VALUES ('4', '6');
INSERT INTO `sys_user_role` VALUES ('4', '7');
INSERT INTO `sys_user_role` VALUES ('5', '5');
INSERT INTO `sys_user_role` VALUES ('5', '6');
INSERT INTO `sys_user_role` VALUES ('5', '8');

-- ----------------------------
-- View structure for act_id_group
-- ----------------------------
DROP VIEW IF EXISTS `act_id_group`;
CREATE ALGORITHM=UNDEFINED DEFINER=`root`@`localhost` SQL SECURITY DEFINER VIEW `act_id_group` AS select `r`.`role_key` AS `ID_`,NULL AS `REV_`,`r`.`role_name` AS `NAME_`,'assignment' AS `TYPE_` from `sys_role` `r` ;

-- ----------------------------
-- View structure for act_id_membership
-- ----------------------------
DROP VIEW IF EXISTS `act_id_membership`;
CREATE ALGORITHM=UNDEFINED DEFINER=`root`@`localhost` SQL SECURITY DEFINER VIEW `act_id_membership` AS select (select `u`.`user_name` from `sys_user` `u` where (`u`.`user_id` = `ur`.`user_id`)) AS `USER_ID_`,(select `r`.`role_key` from `sys_role` `r` where (`r`.`role_id` = `ur`.`role_id`)) AS `GROUP_ID_` from `sys_user_role` `ur` ;

-- ----------------------------
-- View structure for act_id_user
-- ----------------------------
DROP VIEW IF EXISTS `act_id_user`;
CREATE ALGORITHM=UNDEFINED DEFINER=`root`@`localhost` SQL SECURITY DEFINER VIEW `act_id_user` AS select `u`.`user_name` AS `ID_`,0 AS `REV_`,`u`.`nick_name` AS `FIRST_`,'' AS `LAST_`,`u`.`email` AS `EMAIL_`,`u`.`password` AS `PWD_`,'' AS `PICTURE_ID_` from `sys_user` `u` ;
